video,frames_n
529_3,551
418_3,543
418_2,543
58_3,516
66_3,516
533_3,503
533_2,503
605_2,491
605_3,491
248_2,479
248_3,479
275_2,479
275_3,479
140_2,455
332_3,455
332_2,455
91_3,441
415_2,438
415_3,438
255_3,438
255_2,438
33_3,429
62_3,429
339_3,407
445_3,407
466_2,407
449_3,407
34_3,405
34_2,405
34_1,405
376_2,403
438_3,403
277_3,403
294_3,403
522_3,403
298_3,403
318_3,403
234_3,403
320_2,403
522_2,403
376_3,403
277_2,403
294_2,403
226_3,403
318_2,403
319_2,403
234_2,403
320_3,403
319_3,403
437_2,403
437_3,403
438_2,403
361_2,401
361_3,401
77_3,397
19_3,397
340_3,395
520_3,395
520_2,395
85_3,390
403_3,384
601_3,383
363_2,383
515_2,383
298_2,383
601_2,383
269_2,383
269_3,383
272_3,383
272_2,383
363_3,383
515_3,383
226_2,383
380_3,381
516_3,381
516_2,381
380_2,377
91_1,370
73_3,370
58_2,370
66_2,370
125_3,370
60_3,370
60_1,370
59_1,370
58_1,370
66_1,370
73_1,370
373_3,367
373_2,367
340_2,366
159_3,366
466_3,366
349_3,366
405_3,366
295_3,363
491_3,363
233_2,363
278_3,363
434_3,363
88_3,363
461_3,363
237_2,363
609_2,363
295_2,363
237_3,363
245_3,363
525_2,363
609_3,363
535_2,363
525_3,363
461_2,363
434_2,363
491_2,363
233_3,363
535_3,363
230_2,360
489_2,360
597_3,360
385_3,360
366_3,360
372_3,360
230_3,360
372_2,360
494_3,360
156_3,360
538_3,360
489_3,360
227_3,360
385_2,360
262_3,357
68_2,355
68_3,355
446_3,354
496_2,354
496_3,354
76_2,345
91_2,345
432_3,345
296_2,345
432_2,345
59_3,345
492_3,345
492_2,345
268_2,345
78_3,345
76_1,345
296_3,345
268_3,345
76_3,345
258_3,344
258_2,344
608_2,343
608_3,343
512_3,343
518_3,343
366_2,343
526_2,343
526_3,343
386_3,343
518_2,343
512_2,343
386_2,343
87_3,340
447_3,339
87_1,337
449_2,335
333_2,335
353_3,335
407_3,335
406_2,335
328_2,335
333_3,335
448_3,335
160_3,335
338_3,335
406_3,335
442_2,335
443_3,335
442_3,335
604_2,328
245_2,328
322_3,328
604_3,328
462_3,328
278_2,328
321_2,328
322_2,328
321_3,328
462_2,328
238_3,327
238_2,327
231_2,327
231_3,327
600_3,326
600_2,326
497_3,325
596_2,325
227_2,325
610_3,325
317_3,325
317_2,325
534_2,325
254_2,325
595_3,325
494_2,325
254_3,325
596_3,325
534_3,325
497_2,325
595_2,325
610_2,325
464_3,321
78_1,321
62_2,321
62_1,321
85_1,316
85_2,316
368_2,313
368_3,313
362_3,310
490_2,310
362_2,310
490_3,310
259_3,309
365_2,309
498_2,309
498_3,309
365_3,309
156_2,309
597_2,309
354_2,308
77_2,304
192_3,304
73_2,304
77_1,304
33_2,304
19_2,304
59_2,304
60_2,304
19_1,304
125_1,304
129_3,303
129_2,303
125_2,303
61_1,300
87_2,298
88_1,298
440_2,297
451_3,296
267_3,295
267_2,295
460_2,294
460_3,294
439_2,294
316_2,294
316_3,294
439_3,294
414_2,294
538_2,294
414_3,294
164_3,287
78_2,287
435_3,283
435_2,283
465_3,282
328_3,282
465_2,282
358_2,282
407_2,281
259_2,281
38_3,275
31_3,273
4_3,273
65_3,273
31_2,273
33_1,272
441_3,272
256_3,271
405_2,271
256_2,271
88_2,268
279_2,265
229_2,265
279_3,265
299_3,265
251_3,265
299_2,265
232_2,265
152_2,265
153_3,265
599_3,265
599_2,265
154_3,265
495_3,265
229_3,265
495_2,265
232_3,265
611_3,265
240_3,265
152_3,265
167_2,264
39_3,264
403_2,264
486_3,257
196_3,255
433_3,253
436_3,253
433_2,253
531_2,253
436_2,253
611_2,253
531_3,253
375_2,252
63_3,252
126_3,252
89_3,252
63_2,252
61_3,252
251_2,252
375_3,252
4_1,252
61_2,252
150_3,251
151_3,251
225_2,251
153_2,251
157_3,251
150_2,251
246_3,251
157_2,251
225_3,251
151_2,251
378_2,251
354_3,248
529_2,248
384_2,243
409_3,243
115_3,242
420_2,238
420_3,238
456_2,237
456_3,237
228_3,236
228_2,236
239_2,236
239_3,236
44_1,235
44_3,235
44_2,235
79_3,235
419_3,234
367_3,234
419_2,234
378_3,234
140_3,234
367_2,234
292_3,234
64_3,230
101_1,230
100_3,230
64_2,230
86_3,230
100_1,230
101_3,230
86_2,230
86_1,230
100_2,230
101_2,230
64_1,230
80_3,229
444_2,229
384_3,229
38_1,229
38_2,229
488_3,225
184_2,225
249_3,225
493_3,225
381_3,225
202_3,223
240_2,222
154_2,222
236_3,222
208_2,221
65_2,220
189_3,220
126_2,220
31_1,219
408_2,219
65_1,219
13_2,219
41_1,218
89_1,218
41_2,218
89_2,218
4_2,218
41_3,218
68_1,216
40_3,213
270_2,212
249_2,212
270_3,212
309_3,211
39_2,211
246_2,210
162_2,206
13_1,205
90_1,205
90_3,205
331_2,204
343_2,204
387_2,203
474_3,203
48_2,203
431_3,203
389_2,203
452_2,203
453_2,203
430_3,203
668_2,203
426_3,203
475_3,203
629_3,203
428_3,203
427_3,203
391_2,203
424_3,203
630_3,203
483_3,203
454_2,203
423_3,203
612_2,203
422_3,203
390_2,203
17_3,203
178_2,203
453_3,203
417_2,203
467_3,203
413_2,203
612_3,203
182_2,203
421_2,203
638_2,203
422_2,203
635_2,203
454_3,203
423_2,203
634_2,203
452_3,203
25_3,203
633_3,203
424_2,203
633_2,203
399_2,203
630_2,203
629_2,203
426_2,203
427_2,203
428_2,203
430_2,203
416_2,203
431_2,203
421_3,203
416_3,203
242_2,203
120_2,203
169_3,203
178_3,203
474_2,203
399_3,203
243_2,203
475_2,203
478_2,203
243_3,203
306_2,203
668_3,203
483_2,203
137_3,203
302_3,203
131_2,203
25_1,203
391_3,203
137_2,203
390_3,203
389_3,203
602_3,203
17_1,203
10_1,203
467_2,203
478_3,203
10_2,203
413_3,203
25_2,203
634_3,203
417_3,203
635_3,203
17_2,203
602_2,203
169_2,203
131_3,203
108_2,203
120_3,203
122_3,203
26_1,202
194_2,202
115_2,202
26_2,202
26_3,202
502_3,201
42_3,201
188_3,201
173_3,201
502_2,201
173_2,201
471_3,201
42_1,201
116_3,201
379_2,201
471_2,201
188_2,201
257_3,200
257_2,200
97_2,199
472_2,199
472_3,199
593_2,199
644_2,199
312_2,199
307_3,199
97_3,199
488_2,199
183_2,199
102_3,199
128_2,199
593_3,199
644_3,199
39_1,198
80_1,197
338_2,197
80_2,197
447_2,196
266_2,194
266_3,194
112_3,192
387_3,192
71_2,191
71_1,191
71_3,191
343_3,190
594_3,188
459_2,188
381_2,188
155_3,188
594_2,188
699_3,188
699_2,188
493_2,188
459_3,188
155_2,188
360_3,188
313_3,187
253_2,187
504_3,187
603_3,187
477_2,187
313_2,187
166_3,187
102_1,187
477_3,187
504_2,187
616_2,187
603_2,187
616_3,187
507_2,186
614_3,186
392_2,186
507_3,186
614_2,186
364_2,186
470_2,186
470_3,186
94_1,185
499_2,184
499_3,184
469_3,184
485_3,184
638_3,184
469_2,184
102_2,183
219_2,182
90_2,182
200_2,182
79_2,182
329_2,182
79_1,182
292_2,182
289_3,182
132_2,181
186_3,181
315_2,181
132_3,181
308_3,180
590_3,180
392_3,180
678_2,179
116_2,178
636_3,177
106_3,177
105_2,177
106_2,177
627_3,177
109_2,177
29_3,177
628_3,177
468_2,177
36_3,177
473_2,177
429_3,177
479_2,177
36_2,177
631_3,177
29_2,177
359_2,177
357_2,177
20_2,177
540_3,177
637_3,177
14_2,177
96_3,177
351_2,177
636_2,177
99_3,177
103_3,177
104_3,177
104_2,177
623_3,177
103_2,177
620_2,177
639_2,177
631_2,177
479_3,177
473_3,177
628_2,177
627_2,177
429_2,177
468_3,177
265_2,177
623_2,177
458_3,177
455_3,177
400_2,177
14_3,177
618_2,177
617_2,177
455_2,177
617_3,177
618_3,177
397_2,177
620_3,177
96_2,177
458_2,177
98_2,177
99_2,177
9_3,177
105_3,177
98_3,177
346_2,177
142_2,177
301_2,177
9_2,177
260_3,177
261_3,177
263_3,177
300_2,177
290_3,177
250_2,177
290_2,177
300_3,177
139_2,177
141_2,177
301_3,177
36_1,177
130_2,177
29_1,177
326_3,177
337_3,177
341_3,177
260_2,177
261_2,177
262_2,177
20_1,177
357_3,177
359_3,177
14_1,177
263_2,177
9_1,177
250_3,177
637_2,177
247_3,177
241_2,177
341_2,177
639_3,177
130_3,177
337_2,177
139_3,177
141_3,177
142_3,177
99_1,177
98_1,177
161_3,177
540_2,177
326_2,177
400_3,177
96_1,177
397_3,177
244_2,177
244_3,177
241_3,177
30_1,176
48_3,175
393_3,175
393_2,175
440_3,175
500_3,174
42_2,174
37_3,174
370_3,174
500_2,174
369_2,173
509_3,173
509_2,173
112_2,172
207_2,172
312_3,172
22_2,171
127_3,171
395_2,171
501_2,171
521_2,171
501_3,171
127_2,171
163_2,170
158_3,169
369_3,169
158_2,169
353_2,168
63_1,167
487_3,167
487_2,167
30_3,166
569_3,166
206_2,166
364_3,166
694_3,165
607_3,165
650_3,165
607_2,165
622_3,165
163_3,165
706_2,165
621_3,165
457_2,165
619_3,165
613_2,165
463_2,165
124_2,165
615_2,165
619_2,165
701_2,165
615_3,165
694_2,165
598_3,165
598_2,165
119_1,165
107_3,165
24_2,165
28_1,165
503_2,165
302_2,165
92_3,165
503_3,165
425_3,165
505_3,165
113_2,165
138_2,165
24_1,165
508_3,165
412_3,165
138_3,165
410_3,165
24_3,165
645_3,165
626_3,165
508_2,165
632_3,165
92_1,165
645_2,165
626_2,165
654_3,165
664_2,165
505_2,165
654_2,165
412_2,165
92_2,165
235_3,165
463_3,165
706_3,165
650_2,165
325_2,165
425_2,165
187_3,165
457_3,165
180_3,165
621_2,165
613_3,165
664_3,165
622_2,165
303_2,165
632_2,165
114_3,164
692_3,164
124_1,164
692_2,164
701_3,164
180_2,164
236_2,163
205_3,163
97_1,163
162_3,163
170_3,162
109_3,162
53_3,162
94_3,160
394_3,159
287_3,158
446_2,158
196_2,157
441_2,157
136_2,156
571_2,154
110_2,153
113_3,153
606_3,153
606_2,153
95_1,152
388_2,152
336_3,152
388_3,152
197_3,151
374_3,151
663_2,150
23_2,150
168_3,150
707_2,150
663_3,150
293_2,150
114_2,150
506_2,150
45_2,150
204_2,150
404_3,150
304_3,150
23_3,150
23_1,150
556_2,150
46_3,150
506_3,150
204_3,150
187_2,149
349_2,149
395_3,148
143_3,147
134_3,147
185_3,147
514_2,146
484_3,145
657_3,144
583_3,144
283_3,143
482_2,143
164_2,142
49_1,142
235_2,142
411_3,142
536_2,142
49_3,142
573_3,142
476_3,142
476_2,142
210_2,141
309_2,141
37_2,141
167_3,141
562_2,140
311_3,140
119_3,140
409_2,140
310_2,139
177_3,139
310_3,139
305_2,139
377_2,139
371_3,139
208_3,139
342_2,138
124_3,137
27_1,136
653_3,136
197_2,136
128_3,136
444_3,135
83_3,135
356_2,134
379_3,133
111_3,132
543_3,131
54_3,131
306_3,131
13_3,130
95_3,130
324_3,130
174_3,129
213_3,129
305_3,129
184_3,129
145_2,129
314_3,129
346_3,128
323_2,128
95_2,128
219_3,128
165_3,128
660_2,127
352_2,127
46_1,127
149_2,127
252_3,126
661_3,125
264_2,124
674_2,124
510_3,124
358_3,124
161_2,124
69_1,124
552_2,123
327_3,123
676_3,123
282_3,122
330_3,122
55_2,121
539_3,121
111_2,121
482_3,121
547_2,121
287_2,121
666_2,121
118_3,120
172_3,119
176_2,119
383_3,118
199_3,116
324_2,116
523_3,116
276_3,116
344_3,116
286_2,115
684_3,115
681_2,115
658_3,115
284_3,115
82_1,115
30_2,115
339_2,115
223_2,115
119_2,114
265_3,114
214_2,114
443_2,114
179_2,113
666_3,113
274_2,112
356_3,112
480_2,112
297_2,112
136_3,111
18_1,111
175_2,111
575_3,110
37_1,110
285_2,109
190_3,109
591_2,109
303_3,109
411_2,109
521_3,108
561_3,108
45_3,108
123_3,108
559_2,108
678_3,107
448_2,107
186_2,106
48_1,106
410_2,105
214_3,105
160_2,104
11_2,104
643_3,104
203_3,104
84_2,104
673_2,104
696_2,103
698_2,103
576_2,103
291_2,103
166_2,102
480_3,102
327_2,102
577_3,102
344_2,101
271_3,101
565_3,100
589_3,100
8_1,100
311_2,100
398_2,99
564_2,99
291_3,99
704_3,98
625_3,98
625_2,98
576_3,98
331_3,98
194_3,98
548_3,97
108_3,97
15_1,96
565_2,96
11_3,96
10_3,96
176_3,96
253_3,96
216_3,95
282_2,95
222_3,95
325_3,95
118_2,94
485_2,94
189_2,94
47_3,94
396_2,94
330_2,94
396_3,93
16_1,93
183_3,93
371_2,92
383_2,92
22_1,92
335_3,91
11_1,91
221_2,91
285_3,91
199_2,91
220_2,91
181_2,90
532_3,90
336_2,90
394_2,90
398_3,90
224_2,89
682_2,89
185_2,89
566_2,89
46_2,89
159_2,89
179_3,89
47_1,89
273_3,88
2_1,88
181_3,88
32_3,88
348_3,88
308_2,88
212_3,87
203_2,87
220_3,87
284_2,87
198_3,87
122_2,86
69_3,86
314_2,86
464_2,86
674_3,86
549_2,85
662_3,85
2_3,85
50_2,85
195_2,85
510_2,84
329_3,84
649_3,84
217_2,84
672_3,84
193_2,83
342_3,83
182_3,83
651_2,83
216_2,83
218_3,83
705_2,83
5_1,83
511_2,83
191_3,83
569_2,82
567_3,82
315_3,82
643_2,82
374_2,82
679_2,82
215_3,82
543_2,81
541_2,81
123_1,81
530_2,81
217_3,81
200_3,80
404_2,80
382_2,80
147_2,80
8_2,80
145_3,80
647_3,80
175_3,80
8_3,80
690_2,79
537_3,79
708_3,79
168_2,79
148_3,79
335_2,79
32_2,78
551_3,78
53_2,78
532_2,78
210_3,78
382_3,78
560_2,78
47_2,78
542_3,78
198_2,78
523_2,77
519_3,77
511_3,77
370_2,77
172_2,77
591_3,77
530_3,77
288_2,77
582_3,76
401_3,76
705_3,76
271_2,75
573_2,75
667_2,75
72_1,75
281_3,75
519_2,74
355_3,74
588_2,74
288_3,74
323_3,74
524_2,73
281_2,73
582_2,73
202_2,72
45_1,72
347_3,72
564_3,71
211_2,71
22_3,71
297_3,71
192_2,71
21_1,70
289_2,70
146_2,70
691_2,70
191_2,69
579_2,69
135_2,69
209_3,69
667_3,69
695_3,68
1_1,68
590_2,68
584_2,68
222_2,68
402_3,67
177_2,67
280_2,67
280_3,67
81_3,67
681_3,67
94_2,66
559_3,66
18_2,66
348_2,66
665_3,66
401_2,66
652_2,66
206_3,66
553_3,65
656_2,65
195_3,65
579_3,65
562_3,65
481_2,65
135_3,65
350_2,65
32_1,64
648_2,64
558_2,64
75_3,64
347_2,64
524_3,64
513_3,64
537_2,64
355_2,63
147_3,63
27_3,63
6_3,63
205_2,63
53_1,63
28_2,63
557_2,63
580_3,63
360_2,62
572_2,62
201_2,62
221_3,62
28_3,62
484_2,61
675_2,61
588_3,61
224_3,61
5_2,61
209_2,61
690_3,61
708_2,60
2_2,60
539_2,60
514_3,60
659_2,60
55_1,60
567_2,60
574_2,60
276_2,59
659_3,59
350_3,59
581_3,59
207_3,59
585_2,59
551_2,58
703_3,58
408_3,58
660_3,58
377_3,58
545_2,57
5_3,57
642_2,57
552_3,57
689_2,57
571_3,57
670_3,56
149_3,56
201_3,56
1_2,56
640_2,56
583_2,55
274_3,55
81_1,55
307_2,55
212_2,55
578_3,55
693_2,55
545_3,55
213_2,54
148_2,54
657_2,54
35_1,54
133_2,54
697_3,53
40_1,53
35_2,53
21_2,53
587_2,53
215_2,53
546_3,53
702_2,53
649_2,53
481_3,52
283_2,52
345_3,52
542_2,52
486_2,52
18_3,52
286_3,52
43_2,52
685_3,52
586_2,51
121_3,51
6_2,51
117_3,51
688_3,51
134_2,51
527_2,51
174_2,50
544_3,50
671_2,50
93_1,49
16_2,49
72_3,49
110_3,49
193_3,49
577_2,49
334_3,49
584_3,49
218_2,48
273_2,48
570_3,48
528_2,48
170_2,48
211_3,48
7_2,48
6_1,48
75_1,48
67_1,48
669_3,48
669_2,47
352_3,47
698_3,47
541_3,47
572_3,47
1_3,47
165_2,47
15_2,47
549_3,47
555_2,46
293_3,46
513_2,46
642_3,46
568_3,46
563_3,46
3_3,45
555_3,45
171_3,45
700_3,45
450_3,45
653_2,45
624_2,45
561_2,45
546_2,45
334_2,44
117_2,44
527_3,44
687_3,44
624_3,44
252_2,44
704_2,44
143_2,44
117_1,44
648_3,44
703_2,43
658_2,43
587_3,43
144_3,43
43_1,43
82_2,43
171_2,43
680_3,43
656_3,43
123_2,43
51_1,42
547_3,42
52_3,42
81_2,42
578_2,42
568_2,42
54_1,42
677_2,42
21_3,41
686_3,41
655_2,41
50_3,41
691_3,41
684_2,41
696_3,41
641_3,41
20_3,40
528_3,40
57_2,40
680_2,40
54_2,40
554_3,40
592_2,39
107_2,39
563_2,39
570_2,39
84_3,39
693_3,39
585_3,39
451_2,39
74_3,38
686_2,38
640_3,38
687_2,38
83_1,37
72_2,37
75_2,37
655_3,37
50_1,37
672_2,37
697_2,37
51_2,36
351_3,36
558_3,36
82_3,36
560_3,36
133_3,36
12_2,36
402_2,36
688_2,36
57_3,36
52_1,36
536_3,35
7_3,35
12_3,35
554_2,35
592_3,35
56_1,34
662_2,34
556_3,34
700_2,34
56_3,34
146_3,34
544_2,34
685_2,33
646_2,33
7_1,33
121_2,33
247_2,33
702_3,33
70_1,33
304_2,33
517_2,32
550_2,32
675_3,32
49_2,32
670_2,32
74_1,32
12_1,31
553_2,31
345_2,31
84_1,31
190_2,31
16_3,31
57_1,30
689_3,30
35_3,30
27_2,30
74_2,30
15_3,29
575_2,29
548_2,29
646_3,29
586_3,28
580_2,28
40_2,28
3_2,28
661_2,28
677_3,28
707_3,27
144_2,27
682_3,27
683_3,27
56_2,27
67_2,27
665_2,27
55_3,26
550_3,26
673_3,26
683_2,26
671_3,26
581_2,26
69_2,25
83_2,25
695_2,25
557_3,25
589_2,25
652_3,24
93_3,24
450_2,24
679_3,24
517_3,24
70_2,24
676_2,23
52_2,23
51_3,23
3_1,23
70_3,23
641_2,22
647_2,20
43_3,16
651_3,15
93_2,14
